Goal (Lifestyle/Natural body building),
Full name,
Contact details,
Sex,
Age,
Height(ft'inches'),
Weight(as of filling this form),
Measurements(fill below in inches),
:Neck,
:Shoulders,
:chest,
:Waist(around belly button),
:calves(right side),
:quads(right side),
Daily activity level(Rate1-10),
Is it possible for you to join gym?,
current workout pattern or split,
Preferable workout timings,
Average Sleeping hours,
Sleep quality(rate 1-10),
Stress Levels(Rate 1-10),
Any difficult Exercise movment(if any),
Health Related issues(if any),
Supplements you are using right now,
Have you ever use anabolics? if yes then mention name and dosage,
Past/current injuries(if any),
Vegetarian or Non-vegetarian,
How many meals you can have in a day,
Your current meals of the day,
Mention all the foods you can easily reach,
Biggest food challenge(foods you dislike the most),
Add pictures(front.Back.side),
Expectations from coaches,
,
  ,
 Coach:           ,
                          Kartik Sheoran,
                         ECNA certified Nutritionist,
                  ECNA certified Trainer,
 ,
